part_number,model,manufacturer,type,capacity,bit_width,voltage,speed,package,dimensions,die_count,cs_count,die_revision,op_temp,notes
D8DKS,MT60B2G8RZ-56B:D,Micron,DDR5,16Gb,x8,1.1V VDD,DDR5-5600B CL46,VFBGA-78,7.5x11x0.9,1,1,Rev D,商用,服务器主流 DDR5 16Gb 单颗
D8DKT,MT60B2G8RZ-56B:D,Micron,DDR5,16Gb,x8,1.1V VDD,DDR5-5600B CL46,VFBGA-78,7.5x11x0.9,1,1,Rev T,商用,Rev T 副版本
D9DKS,MT60B2G8RZ-62E:D,Micron,DDR5,16Gb,x8,1.1V VDD,DDR5-6400B CL52,VFBGA-78,7.5x11x0.9,1,1,Rev D,商用,提速版 6400
D8CKS,MT60B2G8HB-56B:D,Micron,DDR5,16Gb,x8,1.1V VDD,DDR5-5600B CL46,VFBGA-82,7.5x11x0.9,1,1,Rev B,商用,HB 子系列
D4DKS,MT60B1G8RZ-56B:D,Micron,DDR5,8Gb,x8,1.1V VDD,DDR5-5600B CL46,VFBGA-78,7.5x11x0.9,1,1,Rev D,商用,容量减半版
DCDKS,MT60B4G8RZ-56B:D,Micron,DDR5,32Gb,x8,1.1V VDD,DDR5-5600B CL46,VFBGA-78,7.5x11x0.9,2,1,Rev D,商用,容量翻倍版 32Gb
D8DKP,MT60B2G8RZ-46E:D,Micron,DDR5,16Gb,x8,1.1V VDD,DDR5-4800B CL40,VFBGA-78,7.5x11x0.9,1,1,Rev D,商用,降速版
D5DKS,MT60B2G8RZ-48E:D,Micron,DDR5,16Gb,x8,1.1V VDD,DDR5-4800B CL40,VFBGA-78,7.5x11x0.9,1,1,Rev D,商用,
K4ZAF165BM-MC16,K4ZAF165BM-MC16,Samsung,DDR5,16Gb,x8,1.1V VDD,DDR5-5600B CL46,FBGA-78,7.5x11x0.9,1,1,,商用,Samsung DDR5 主流 16Gb x8
K4ZAF165BM-MGCL,K4ZAF165BM-MGCL,Samsung,DDR5,16Gb,x8,1.1V VDD,DDR5-6400B CL52,FBGA-78,7.5x11x0.9,1,1,,商用,Samsung 高速版
K4Z8F165BM-MC16,K4Z8F165BM-MC16,Samsung,DDR5,16Gb,x8,1.1V VDD,DDR5-5600B CL46,FBGA-78,7.5x11x0.9,1,1,,商用,
K4ZAF325BM-MC16,K4ZAF325BM-MC16,Samsung,DDR5,32Gb,x8,1.1V VDD,DDR5-5600B CL46,FBGA-78,7.5x11x0.9,2,1,,商用,
H58G56AK6A025,H58G56AK6A025,SK Hynix,DDR5,16Gb,x8,1.1V VDD,DDR5-5600B CL46,FBGA-78,7.5x11x0.9,1,1,,商用,SK 海力士 16Gb DDR5
H58G56AK6A032,H58G56AK6A032,SK Hynix,DDR5,16Gb,x8,1.1V VDD,DDR5-6400B CL52,FBGA-78,7.5x11x0.9,1,1,,商用,
H58G52AK6X025,H58G52AK6X025,SK Hynix,DDR5,16Gb,x4,1.1V VDD,DDR5-5600B CL46,FBGA-78,7.5x11x0.9,1,1,,商用,x4 位宽版本
MT40A1G16JC-062E,MT40A1G16JC-062E,Micron,DDR4,16Gb,x16,1.2V VDD,DDR4-3200 CL22,VFBGA-96,7.5x13x1.0,1,2,Rev E,商用,DDR4 主流 16Gb x16
MT40A2G16SA-062E,MT40A2G16SA-062E,Micron,DDR4,16Gb,x16,1.2V VDD,DDR4-3200 CL22,VFBGA-96,7.5x13x1.0,1,2,Rev E,商用,
K4AAG165WA-BCWE,K4AAG165WA-BCWE,Samsung,DDR4,16Gb,x16,1.2V VDD,DDR4-3200 CL22,FBGA-96,7.5x13x1.0,1,2,,商用,Samsung DDR4 主流
H5ANAG6NCJR-VKC,H5ANAG6NCJR-VKC,SK Hynix,DDR4,16Gb,x16,1.2V VDD,DDR4-3200 CL22,FBGA-96,7.5x13x1.0,1,2,,商用,
H5ANAG8NCJR-VKC,H5ANAG8NCJR-VKC,SK Hynix,DDR4,16Gb,x64,1.2V VDD,DDR4-3200 CL22,FBGA-78,7.5x11x0.9,1,1,,商用,带 ECC
MT40A512M16TB-062E,MT40A512M16TB-062E,Micron,DDR4,8Gb,x16,1.2V VDD,DDR4-3200 CL22,VFBGA-96,7.5x13x1.0,1,1,Rev E,商用,
K4A4G165WF-BCWE,K4A4G165WF-BCWE,Samsung,DDR4,4Gb,x16,1.2V VDD,DDR4-3200 CL22,FBGA-96,7.5x13x1.0,1,1,,商用,
H5TC4G63CFR-RDA,H5TC4G63CFR-RDA,SK Hynix,DDR3,4Gb,x16,1.5V VDD,DDR3-1866 CL13,FBGA-96,7.5x13x1.0,1,1,,商用,DDR3 旧机型常用
MT41K512M16HA-125,MT41K512M16HA-125,Micron,DDR3,8Gb,x16,1.5V VDD,DDR3-1600 CL11,FBGA-96,7.5x13x1.0,1,1,,商用,
MT41K1G8SN-125,MT41K1G8SN-125,Micron,DDR3,8Gb,x8,1.5V VDD,DDR3-1600 CL11,FBGA-78,7.5x11x0.9,1,1,,商用,
K4B2G1646F-BCNB,K4B2G1646F-BCNB,Samsung,DDR3,2Gb,x16,1.5V VDD,DDR3-1866 CL13,FBGA-96,7.5x13x1.0,1,1,,商用,
W631GU6KB-15,W631GU6KB-15,Winbond,DDR3,1Gb,x16,1.5V VDD,DDR3-1600 CL11,VFBGA-96,7.5x13x1.0,1,1,,商用,Winbond DDR3 通用型号
W25Q128JVSSIQ,W25Q128JVSSIQ,Winbond,NOR Flash,128Mb,,2.7-3.6V,133MHz,SOP-8,5x6x1.8,1,1,,商用,串行 NOR Flash 16MB
W25Q64JVSSIQ,W25Q64JVSSIQ,Winbond,NOR Flash,64Mb,,2.7-3.6V,133MHz,SOP-8,5x6x1.8,1,1,,商用,串行 NOR Flash 8MB
MX25L12835FMI-10G,MX25L12835FMI-10G,Macronix,NOR Flash,128Mb,,2.7-3.6V,104MHz,SOP-16,7.5x10x1.8,1,1,,商用,Macronix 串行 NOR Flash
MX25L6433FZNI-08G,MX25L6433FZNI-08G,Macronix,NOR Flash,64Mb,,2.7-3.6V,80MHz,WSON-8,6x8x0.8,1,1,,商用,小型封装 NOR Flash
MT25QL128ABA1ESE,MT25QL128ABA1ESE,Micron,NOR Flash,128Mb,,2.7-3.6V,133MHz,SOP-16,7.5x10x1.8,1,1,,商用,
